{
    "MAE": 0.8544190015138875,
    "RMSE": 1.0488287750283627
}